lesson,en_title,es_title,framework_sections,authored_additions
M01-L01,The FDE responsibility,La responsabilidad del FDE,"Framework §§3,5,6,8","Fictional case, exercise, worked answer, checkpoint, instructional explanation"
M01-L02,Six principles in a decision,Seis principios en una decisión,"Framework §§3,5,6,8","Fictional case, exercise, worked answer, checkpoint, instructional explanation"
M01-L03,A portfolio of evidence,Un portafolio de evidencia,"Framework §§3,5,6,8","Fictional case, exercise, worked answer, checkpoint, instructional explanation"
M01-L04,The case and the course boundary,El caso y los límites del curso,"Framework §§3,5,6,8","Fictional case, exercise, worked answer, checkpoint, instructional explanation"
M02-L01,The decision behind the request,La decisión detrás de la solicitud,Framework §4 phases1–2; §5 M1–M3,"Fictional case, exercise, worked answer, checkpoint, instructional explanation"
M02-L02,One ticket through the workflow,Un ticket a través del proceso,Framework §4 phases1–2; §5 M1–M3,"Fictional case, exercise, worked answer, checkpoint, instructional explanation"
M02-L03,"Known, assumed, and unknown","Conocido, supuesto y desconocido",Framework §4 phases1–2; §5 M1–M3,"Fictional case, exercise, worked answer, checkpoint, instructional explanation"
M02-L04,The verified Site Map,El mapa del entorno verificado,Framework §4 phases1–2; §5 M1–M3,"Fictional case, exercise, worked answer, checkpoint, instructional explanation"
M03-L01,The outcome line,La declaración de resultado,Framework §4 phase3; §8.1,"Fictional case, exercise, worked answer, checkpoint, instructional explanation"
M03-L02,The bet and change-of-mind evidence,La apuesta y la evidencia para reconsiderar,Framework §4 phase3; §8.1,"Fictional case, exercise, worked answer, checkpoint, instructional explanation"
M03-L03,Metrics and guardrails,Métricas y límites de calidad,Framework §4 phase3; §8.1,"Fictional case, exercise, worked answer, checkpoint, instructional explanation"
M03-L04,Operator agreement and scope,Acuerdo con operadores y alcance,Framework §4 phase3; §8.1,"Fictional case, exercise, worked answer, checkpoint, instructional explanation"
M04-L01,A complete path to value,Un flujo completo que aporta valor,"Framework §4 phase4; §5 M4,M5,M7","Fictional case, exercise, worked answer, checkpoint, instructional explanation"
M04-L02,Validation and authority boundaries,Validación y límites de autoridad,"Framework §4 phase4; §5 M4,M5,M7","Fictional case, exercise, worked answer, checkpoint, instructional explanation"
M04-L03,Observable suggestions and decisions,Sugerencias y decisiones observables,"Framework §4 phase4; §5 M4,M5,M7","Fictional case, exercise, worked answer, checkpoint, instructional explanation"
M04-L04,Prediction before execution,Predicción antes de ejecutar,"Framework §4 phase4; §5 M4,M5,M7","Fictional case, exercise, worked answer, checkpoint, instructional explanation"
M05-L01,The first reading,La primera lectura,Framework §4 phase5; §8.2 learning,"Fictional case, exercise, worked answer, checkpoint, instructional explanation"
M05-L02,"Land, iterate, pivot, or stop","Desplegar, iterar, cambiar o detener",Framework §4 phase5; §8.2 learning,"Fictional case, exercise, worked answer, checkpoint, instructional explanation"
M05-L03,Confounders and honest interpretation,Factores externos e interpretación honesta,Framework §4 phase5; §8.2 learning,"Fictional case, exercise, worked answer, checkpoint, instructional explanation"
M05-L04,The second reading after adoption,La segunda lectura después de adoptar,Framework §4 phase5; §8.2 learning,"Fictional case, exercise, worked answer, checkpoint, instructional explanation"
M06-L01,The six landing checks,Las seis verificaciones de despliegue,Framework §4 phase6; §8.3,"Fictional case, exercise, worked answer, checkpoint, instructional explanation"
M06-L02,The named operating owner,El responsable operativo identificado,Framework §4 phase6; §8.3,"Fictional case, exercise, worked answer, checkpoint, instructional explanation"
M06-L03,Adoption as a workflow change,Adopción como cambio de trabajo,Framework §4 phase6; §8.3,"Fictional case, exercise, worked answer, checkpoint, instructional explanation"
M06-L04,Recovery and a bounded rollout,Recuperación y lanzamiento limitado,Framework §4 phase6; §8.3,"Fictional case, exercise, worked answer, checkpoint, instructional explanation"
M07-L01,The pattern behind the solution,El patrón detrás de la solución,Framework §4 phase7; §5 M8,"Fictional case, exercise, worked answer, checkpoint, instructional explanation"
M07-L02,A reusable technical primitive,Un componente técnico reutilizable,Framework §4 phase7; §5 M8,"Fictional case, exercise, worked answer, checkpoint, instructional explanation"
M07-L03,A product signal with evidence,Una señal de producto con evidencia,Framework §4 phase7; §5 M8,"Fictional case, exercise, worked answer, checkpoint, instructional explanation"
M07-L04,Capability after you leave,Capacidad después de retirarte,Framework §4 phase7; §5 M8,"Fictional case, exercise, worked answer, checkpoint, instructional explanation"
M08-L01,A constraint changes mid-project,Una restricción cambia durante el proyecto,"Framework §§5,7,8","Fictional case, exercise, worked answer, checkpoint, instructional explanation"
M08-L02,One decision for three audiences,Una decisión para tres audiencias,"Framework §§5,7,8","Fictional case, exercise, worked answer, checkpoint, instructional explanation"
M08-L03,Failure-mode diagnosis,Diagnóstico de modos de falla,"Framework §§5,7,8","Fictional case, exercise, worked answer, checkpoint, instructional explanation"
M08-L04,Practice and the growth ladder,Práctica y progresión,"Framework §§5,7,8","Fictional case, exercise, worked answer, checkpoint, instructional explanation"
M09-L01,A fresh ambiguous engagement,Un nuevo encargo ambiguo,"Framework §§4,7,8,9","Fictional case, exercise, worked answer, checkpoint, instructional explanation"
M09-L02,"Build, predict, and inject a constraint","Construir, predecir e incorporar una restricción","Framework §§4,7,8,9","Fictional case, exercise, worked answer, checkpoint, instructional explanation"
M09-L03,The portfolio and scoring rubric,El portafolio y la rúbrica,"Framework §§4,7,8,9","Fictional case, exercise, worked answer, checkpoint, instructional explanation"
M09-L04,A field extension and the next loop,Aplicación de campo y siguiente ciclo,"Framework §§4,7,8,9","Fictional case, exercise, worked answer, checkpoint, instructional explanation"
