id,question,A,B,C,correct,explanation,source
M01-L01,¿Qué evidencia respalda mejor un resultado adoptado?,Una demostración exitosa,Uso observado y métricas definidas de antemano,Una revisión de código completada,B,La demostración y la revisión de código muestran avances de entrega. La adopción exige conducta observable y métricas operativas.,"Framework §§3,5,6,8"
M01-L02,¿Qué decisión respeta el límite de permisos?,Enviar respuestas porque el patrocinador exige rapidez,Usar datos productivos sin informar a seguridad,Probar una sugerencia revisable con datos permitidos,C,La rapidez no amplía la autoridad. El experimento permitido puede producir evidencia útil.,"Framework §§3,5,6,8"
M01-L03,¿Qué fortalece una afirmación de capacidad?,Una autoevaluación alta,Una conducta que otra persona puede verificar,Memorizar el marco,B,La observación independiente es más sólida que la confianza personal.,"Framework §§3,5,6,8"
M01-L04,¿Cómo debes describir los números del caso?,Referencias industriales verificadas,Mejoras de productividad garantizadas,Datos ficticios para un ejercicio,C,El caso es una simulación educativa. Sus valores no constituyen evidencia comercial.,"Framework §§3,5,6,8"
M02-L01,¿Qué resultado corresponde al reconocimiento?,Una decisión provisional y preguntas,Una arquitectura definitiva,Una cifra prometida de ahorro,A,El reconocimiento aporta una hipótesis inicial para investigar.,Framework §4 phases1–2; §5 M1–M3
M02-L02,¿Por qué revisar los pasos posteriores a la herramienta?,Para agregar funciones,Para identificar trabajo desplazado y efectos posteriores,Para evitar hablar con operadores,B,El pensamiento sistémico examina la consecuencia en el proceso completo.,Framework §4 phases1–2; §5 M1–M3
M02-L03,¿Qué demuestra un turno observado?,La conducta de ese turno,Que todos actúan siempre igual,Que la responsable miente,A,Ajusta el alcance de la afirmación a la evidencia.,Framework §4 phases1–2; §5 M1–M3
M02-L04,¿Qué debe aparecer en un campo pendiente?,Una respuesta inventada plausible,"Nada, para aparentar un mapa completo","Desconocido, responsable y acción de verificación",C,La incertidumbre visible permite actuar sobre el mapa.,Framework §4 phases1–2; §5 M1–M3
M03-L01,¿Qué encuadre permite elegir la solución?,Desplegar un agente de IA,Reducir el tiempo definido bajo restricciones de calidad,Usar el modelo más reciente,B,Un encuadre de resultado permite comparar intervenciones.,Framework §4 phase3; §8.1
M03-L02,¿Cuándo debes definir evidencia que refute la apuesta?,Antes del experimento,Después de ver los resultados,Solo si lo pide el patrocinador,A,El compromiso previo reduce el cambio oportunista de criterios.,Framework §4 phase3; §8.1
M03-L03,¿Qué demuestra directamente el tiempo liberado?,Una reducción garantizada de nómina,Capacidad de tiempo en el alcance medido,Exactitud universal del modelo,B,El beneficio financiero es otra afirmación y necesita evidencia.,Framework §4 phase3; §8.1
M03-L04,¿Qué hacer con expectativas contradictorias?,Resolverlas o hacerlas visibles antes de ejecutar,Ocultarlas en notas técnicas,Prometer ambos resultados,A,Las diferencias de alcance son una dependencia de entrega.,Framework §4 phase3; §8.1
M04-L01,¿Qué hace completo al flujo mínimo?,Muchos servicios,Una entrada que llega a una salida revisada,Un diagrama atractivo,B,La integridad se refiere al flujo útil; lo mínimo se refiere al alcance.,"Framework §4 phase4; §5 M4,M5,M7"
M04-L02,¿Puede un ticket ampliar permisos del sistema?,"Sí, si parece urgente","Sí, si menciona al patrocinador","No, sigue siendo una entrada no confiable",C,El contenido y la autoridad son distintos.,"Framework §4 phase4; §5 M4,M5,M7"
M04-L03,¿Qué evento demuestra una elección registrada?,Sugerencia creada,Decisión guardada,Disponibilidad confirmada,B,"Distingue generación, revisión y resultados operativos.","Framework §4 phase4; §5 M4,M5,M7"
M04-L04,¿Una prueba funcional aprobada demuestra mejora del resultado?,"Sí, automáticamente",Solo con un modelo moderno,"No, la medición del resultado es independiente",C,Vincula cada afirmación con la prueba que puede respaldarla.,"Framework §4 phase4; §5 M4,M5,M7"
M05-L01,¿Cómo debe reportar entradas rechazadas?,Ocultarlas,Contarlas como revisiones exitosas,Informar cantidad y motivo de exclusión,C,La cobertura y las exclusiones afectan la interpretación.,Framework §4 phase5; §8.2 learning
M05-L02,¿Cómo responder a una acción no autorizada?,Detener la acción y recuperar el límite,Ignorarla si mejoró rapidez,Cambiar la métrica,A,Un promedio favorable no compensa una violación de autoridad.,Framework §4 phase5; §8.2 learning
M05-L03,¿Qué debilita una comparación antes-después?,Una definición escrita,Complejidad diferente entre muestras,Informar exclusiones,B,La equivalencia de condiciones importa para interpretar.,Framework §4 phase5; §8.2 learning
M05-L04,¿Qué evalúa la segunda lectura?,Solo si compila el código,Solo exactitud del prototipo,Resultado y adopción después del despliegue,C,La segunda lectura revisa la consecuencia operativa en el tiempo.,Framework §4 phase5; §8.2 learning
M06-L01,¿El token del laboratorio demuestra seguridad empresarial?,"No, su alcance es formación local","Sí, porque existe autenticación","Sí, si la demostración es rápida",A,Los controles requieren evidencia adecuada al entorno.,Framework §4 phase6; §8.3
M06-L02,¿Qué vuelve operativa la responsabilidad?,Un nombre en una diapositiva,"Autoridad, capacidad, acceso y recuperación",Que el ingeniero siempre esté conectado,B,La responsabilidad debe resistir ausencias y fallas normales.,Framework §4 phase6; §8.3
M06-L03,¿Qué señal muestra adopción más directamente?,Asistencia a capacitación,Una opinión favorable del patrocinador,Uso sostenido en tareas elegibles,C,La asistencia es una entrada. El uso operativo es conducta.,Framework §4 phase6; §8.3
M06-L04,¿Qué debe definirse antes del lanzamiento?,Condiciones de desactivación y alternativa manual,Una promesa de cero fallas,Suponer disponibilidad permanente del responsable,A,Diseñar recuperación forma parte de la preparación.,Framework §4 phase6; §8.3
M07-L01,¿Qué debería transferirse primero?,Todos los servicios anteriores,El principio y sus condiciones,Los permisos del cliente anterior,B,Transfiere el mecanismo y verifica nuevamente el contexto.,Framework §4 phase7; §5 M8
M07-L02,¿Qué elemento se reutiliza mejor entre dominios?,El nombre del patrocinador,La lista fija de palabras de acceso,Un contrato probado de registro de decisiones,C,Los contratos estables se transfieren mejor que supuestos locales.,Framework §4 phase7; §5 M8
M07-L03,¿Qué distingue una señal de una solicitud de función?,Evidencia del trabajo y sus consecuencias,Jerarquía ejecutiva,Una lista más larga,A,Las observaciones trazables ayudan a decidir.,Framework §4 phase7; §5 M8
M07-L04,¿Qué evidencia respalda una transferencia exitosa?,Una carpeta extensa,El ingeniero original sigue siendo único contacto,Los operadores recuperan de forma independiente,C,La capacidad demostrada importa más que el volumen documental.,Framework §4 phase7; §5 M8
M08-L01,¿Qué puede probar una alternativa sintética?,Conducta seleccionada en la simulación,Preparación de la API del cliente,Aprobación de acceso productivo,A,El alcance de la alternativa determina sus afirmaciones.,"Framework §§5,7,8"
M08-L02,¿Qué debe mantenerse entre audiencias?,Cada detalle técnico,"Hechos, límites y decisión",La misma cantidad de palabras,B,"Resumir cambia énfasis, no evidencia.","Framework §§5,7,8"
M08-L03,¿Qué síntoma indica cambiar metas?,Escribir antes de actuar,Rechazar entrada inválida,Cambiar éxito después de ver resultados,C,Cambiar umbrales después distorsiona el experimento.,"Framework §§5,7,8"
M08-L04,¿Completar el curso demuestra la etapa de responsable de despliegue?,"No, requiere evidencia de campo","Sí, tras ver videos","Sí, con autoevaluación alta",A,Distingue aprendizaje de capacidad profesional verificada.,"Framework §§5,7,8"
M09-L01,¿Quién conserva autoridad sobre prioridad?,El texto de la solicitud,El supervisor autorizado,La regla más rápida,B,La herramienta apoya sin asumir autoridad operativa.,"Framework §§4,7,8,9"
M09-L02,¿Qué debe conservar el informe de la alternativa?,La afirmación de integración aprobada,Solo capturas favorables,La diferencia entre probado y pendiente,C,Las alternativas cambian el alcance de evidencia.,"Framework §§4,7,8,9"
M09-L03,¿Una puntuación alta compensa evidencia inventada?,"No, la integridad es obligatoria","Sí, si funciona el prototipo","Sí, con buenas diapositivas",A,Las condiciones obligatorias son independientes del total.,"Framework §§4,7,8,9"
M09-L04,¿Qué cambia la adaptación de dominio?,Otorga permiso operativo automático,Vocabulario y contexto; los permisos requieren verificación,Demuestra cumplimiento de estándares,B,Un método transferible no implica autoridad transferible.,"Framework §§4,7,8,9"
